step,train_loss,train_accuracy,valid_loss,valid_mean_token_accuracy
1,8.51078,0.0,9.38257,0.0
2,9.80702,0.0,,
3,9.18134,0.0,,
4,7.06468,0.33333,,
5,9.10831,0.0,,
6,9.05448,0.0,,
7,9.49657,0.0,,
8,8.44255,0.0,,
9,9.59498,0.0,,
10,8.9667,0.0,,
11,7.45989,0.33333,,
12,9.21477,0.0,,
13,8.33751,0.33333,,
14,8.38887,0.0,,
15,8.25634,0.0,,
16,8.28875,0.0,,
17,8.47786,0.0,,
18,8.34587,0.0,,
19,8.53499,0.0,,
20,9.30612,0.0,,
21,8.76986,0.0,,
22,8.0414,0.0,,
23,7.20952,0.33333,,
24,7.85968,0.0,,
25,8.90354,0.0,,
26,7.59486,0.0,,
27,8.10774,0.0,,
28,8.18014,0.0,,
29,7.99555,0.0,,
30,7.98845,0.0,,
31,7.79284,0.0,,
32,8.03075,0.0,,
33,7.73496,0.0,,
34,7.3814,0.0,,
35,7.98585,0.0,,
36,7.54049,0.0,,
37,7.60402,0.0,,
38,7.46153,0.0,,
39,7.25393,0.0,,
40,6.64841,0.0,,
41,6.85277,0.0,,
42,7.05113,0.0,,
43,6.82924,0.0,,
44,6.54381,0.0,,
45,6.34502,0.0,,
46,6.41776,0.0,,
47,6.17388,0.0,,
48,5.8772,0.0,,
49,6.63074,0.0,,
50,5.86053,0.33333,,
51,5.19092,0.33333,,
52,5.23391,0.0,,
53,5.43706,0.33333,,
54,5.67582,0.0,,
55,4.21172,0.0,,
56,4.82586,0.0,,
57,4.99207,0.33333,,
58,4.60138,0.33333,,
59,4.63469,0.33333,,
60,3.70542,0.66667,,
61,3.47673,0.33333,,
62,3.7077,0.33333,,
63,3.47528,0.33333,,
64,2.96509,0.33333,,
65,2.57548,0.66667,,
66,2.78064,0.33333,,
67,3.03388,0.33333,,
68,2.37046,0.33333,,
69,1.45044,0.66667,,
70,1.69264,0.66667,,
71,1.04666,1.0,,
72,1.29759,1.0,,
73,0.50179,1.0,,
74,0.5333,1.0,,
75,0.71782,1.0,,
76,0.23608,1.0,,
77,0.18345,1.0,,
78,0.12232,1.0,,
79,0.06459,1.0,,
80,0.13754,1.0,,
81,0.01955,1.0,,
82,0.02112,1.0,,
83,0.02032,1.0,,
84,0.00924,1.0,,
85,0.01077,1.0,,
86,0.00637,1.0,,
87,0.00449,1.0,,
88,0.00258,1.0,,
89,0.0009,1.0,,
90,0.00108,1.0,,
91,3.23541,0.66667,,
92,0.00066,1.0,,
93,3.46202,0.66667,,
94,0.00018,1.0,,
95,0.00028,1.0,,
96,0.00011,1.0,,
97,8e-05,1.0,,
98,3e-05,1.0,,
99,1e-05,1.0,,
100,0.0,1.0,,
101,5.60359,0.66667,0.0,1.0
102,1e-05,1.0,,
103,0.0,1.0,,
104,0.0,1.0,,
105,0.0,1.0,,
106,0.0,1.0,,
107,0.0,1.0,,
108,0.0,1.0,,
109,0.0,1.0,,
110,6.33017,0.66667,,
111,0.0,1.0,,
112,0.0,1.0,,
113,0.0,1.0,,
114,0.0,1.0,,
115,0.0,1.0,,
116,0.0,1.0,,
117,0.0,1.0,,
118,0.0,1.0,,
119,0.0,1.0,,
120,0.0,1.0,,
121,0.0,1.0,,
122,0.0,1.0,,
123,0.0,1.0,,
124,7.20656,0.66667,,
125,0.0,1.0,,
126,7.7145,0.66667,,
127,0.0,1.0,,
128,0.0,1.0,,
129,0.0,1.0,,
130,0.0,1.0,,
131,0.0,1.0,,
132,0.0,1.0,,
133,0.0,1.0,,
134,0.0,1.0,,
135,0.0,1.0,,
136,0.0,1.0,,
137,0.0,1.0,,
138,0.0,1.0,,
139,0.0,1.0,,
140,0.0,1.0,,
141,0.0,1.0,,
142,6.88413,0.66667,,
143,0.0,1.0,,
144,5.51597,0.66667,,
145,0.0,1.0,,
146,0.0,1.0,,
147,0.0,1.0,,
148,0.0,1.0,,
149,0.0,1.0,,
150,0.0,1.0,,
151,0.0,1.0,,
152,0.0,1.0,,
153,0.0,1.0,,
154,0.0,1.0,,
155,0.0,1.0,,
156,0.0,1.0,,
157,0.0,1.0,,
158,0.0,1.0,,
159,0.0,1.0,,
160,0.0,1.0,,
161,0.0,1.0,,
162,0.0,1.0,,
163,0.0,1.0,,
164,0.0,1.0,,
165,0.0,1.0,,
166,0.0,1.0,,
167,9.91948,0.66667,,
168,0.0,1.0,,
169,0.0,1.0,,
170,0.0,1.0,,
171,0.0,1.0,,
172,0.0,1.0,,
173,0.0,1.0,,
174,0.0,1.0,,
175,0.0,1.0,,
176,0.0,1.0,,
177,0.0,1.0,,
178,0.0,1.0,,
179,0.00013,1.0,,
180,0.0,1.0,,
181,0.0,1.0,,
182,0.0,1.0,,
183,0.0,1.0,,
184,0.0,1.0,,
185,0.0,1.0,,
186,0.0,1.0,,
187,0.0,1.0,,
188,0.0,1.0,,
189,0.0,1.0,,
190,7.05514,0.66667,,
191,0.0,1.0,,
192,0.0,1.0,,
193,0.0,1.0,,
194,0.0,1.0,,
195,0.0,1.0,,
196,0.0,1.0,,
197,0.0,1.0,,
198,0.0,1.0,,
199,0.0,1.0,,
200,0.0,1.0,,
201,0.0,1.0,-0.0,1.0
202,0.0,1.0,,
203,0.0,1.0,,
204,0.0,1.0,,
205,0.0,1.0,,
206,0.0,1.0,,
207,0.0,1.0,,
208,0.0,1.0,,
209,0.0,1.0,,
210,0.0,1.0,,
211,0.0,1.0,,
212,0.0,1.0,,
213,0.0,1.0,,
214,0.0,1.0,,
215,0.0,1.0,,
216,0.0,1.0,,
217,0.0,1.0,,
218,0.0,1.0,,
219,0.0,1.0,,
220,0.0,1.0,,
221,0.0,1.0,,
222,0.0,1.0,,
223,0.0,1.0,,
224,0.0,1.0,,
225,0.0,1.0,,
226,0.0,1.0,,
227,0.0,1.0,,
228,0.0,1.0,,
229,0.0,1.0,,
230,0.0,1.0,,
231,0.0,1.0,,
232,0.0,1.0,,
233,0.0,1.0,,
234,0.0,1.0,,
235,0.0,1.0,,
236,0.0,1.0,,
237,0.0,1.0,,
238,0.0,1.0,,
239,0.0,1.0,,
240,6.80758,0.66667,,
241,0.0,1.0,,
242,6.87659,0.66667,,
243,0.0,1.0,,
244,0.0,1.0,,
245,0.0,1.0,,
246,0.0,1.0,,
247,0.0,1.0,,
248,0.0,1.0,,
249,0.0,1.0,,
250,0.0,1.0,,
251,5.66204,0.66667,,
252,0.0,1.0,,
253,0.0,1.0,,
254,0.0,1.0,,
255,0.0,1.0,,
256,0.0,1.0,,
257,0.0,1.0,,
258,0.0,1.0,,
259,0.0,1.0,,
260,7.97674,0.66667,,
261,0.0,1.0,,
262,0.0,1.0,,
263,0.0,1.0,,
264,0.0,1.0,,
265,0.0,1.0,,
266,0.0,1.0,,
267,7.46908,0.66667,,
268,0.0,1.0,,
269,0.0,1.0,,
270,0.0,1.0,,
271,0.0,1.0,,
272,0.0,1.0,,
273,0.0,1.0,,
274,0.0,1.0,,
275,0.0,1.0,,
276,0.0,1.0,,
277,0.0,1.0,,
278,0.0,1.0,,
279,0.0,1.0,,
280,0.0,1.0,,
281,0.0,1.0,,
282,6.0951,0.66667,,
283,0.0,1.0,,
284,0.0,1.0,,
285,0.0,1.0,,
286,0.0,1.0,,
287,0.0,1.0,,
288,0.0,1.0,,
289,0.0,1.0,,
290,0.0,1.0,,
291,0.0,1.0,,
292,0.0,1.0,,
293,0.0,1.0,,
294,0.0,1.0,,
295,0.0,1.0,,
296,0.0,1.0,,
297,0.0,1.0,,
298,0.0,1.0,,
299,0.0,1.0,,
300,0.0,1.0,,
301,0.0,1.0,-0.0,1.0
302,0.0,1.0,,
303,0.0,1.0,,
304,0.0,1.0,,
305,0.0,1.0,,
306,0.0,1.0,,
307,0.0,1.0,,
308,0.0,1.0,,
309,0.0,1.0,,
310,0.0,1.0,,
311,8.48536,0.66667,,
312,0.0,1.0,,
313,0.0,1.0,,
314,0.0,1.0,,
315,7.21596,0.66667,,
316,0.0,1.0,,
317,0.0,1.0,,
318,0.0,1.0,,
319,0.0,1.0,,
320,0.0,1.0,,
321,0.0,1.0,,
322,0.0,1.0,,
323,0.0,1.0,,
324,0.0,1.0,,
325,5.71716,0.66667,,
326,0.0,1.0,,
327,0.0,1.0,,
328,0.0,1.0,,
329,0.0,1.0,,
330,6.60601,0.66667,,
331,4.35264,0.66667,,
332,0.0,1.0,,
333,0.0,1.0,,
334,0.0,1.0,,
335,0.0,1.0,,
336,0.0,1.0,,
337,0.0,1.0,,
338,0.0,1.0,,
339,0.0,1.0,,
340,0.0,1.0,,
341,0.0,1.0,,
342,0.0,1.0,,
343,0.0,1.0,,
344,0.0,1.0,,
345,0.0,1.0,,
346,0.0,1.0,,
347,0.0,1.0,,
348,0.0,1.0,,
349,0.0,1.0,,
350,0.0,1.0,,
351,8.07679,0.66667,,
352,0.0,1.0,,
353,0.0,1.0,,
354,0.0,1.0,,
355,0.0,1.0,,
356,7.59773,0.66667,,
357,0.0,1.0,,
358,6.91973,0.66667,,
359,0.0,1.0,,
360,0.0,1.0,,
361,0.0,1.0,,
362,0.0,1.0,,
363,0.0,1.0,,
364,6.33072,0.66667,,
365,0.0,1.0,,
366,0.0,1.0,,
367,0.0,1.0,,
368,0.0,1.0,,
369,5.64318,0.66667,,
370,0.0,1.0,,
371,0.0,1.0,,
372,0.0,1.0,,
373,5.62115,0.66667,,
374,0.0,1.0,,
375,0.0,1.0,,
376,0.0,1.0,,
377,0.0,1.0,,
378,0.0,1.0,,
379,0.0,1.0,,
380,0.0,1.0,,
381,0.0,1.0,,
382,0.0,1.0,,
383,0.0,1.0,,
384,0.0,1.0,,
385,0.0,1.0,,
386,0.0,1.0,,
387,6.94783,0.66667,,
388,0.0,1.0,,
389,0.0,1.0,,
390,0.0,1.0,,
391,0.0,1.0,,
392,0.0,1.0,,
393,0.0,1.0,,
394,0.0,1.0,,
395,0.0,1.0,,
396,0.0,1.0,,
397,0.0,1.0,,
398,0.0,1.0,,
399,0.0,1.0,,
400,0.0,1.0,,
401,0.0,1.0,-0.0,1.0
402,0.0,1.0,,
403,0.0,1.0,,
404,0.0,1.0,,
405,0.0,1.0,,
406,0.0,1.0,,
407,0.0,1.0,,
408,0.0,1.0,,
409,0.0,1.0,,
410,0.0,1.0,,
411,0.0,1.0,,
412,0.0,1.0,,
413,8.44527,0.66667,,
414,0.0,1.0,,
415,0.0,1.0,,
416,0.0,1.0,,
417,0.0,1.0,,
418,0.0,1.0,,
419,0.0,1.0,,
420,0.0,1.0,,
421,0.0,1.0,,
422,6.57132,0.66667,,
423,0.0,1.0,,
424,0.0,1.0,,
425,0.0,1.0,,
426,5.72953,0.66667,,
427,0.0,1.0,,
428,0.0,1.0,,
429,0.0,1.0,,
430,0.0,1.0,,
431,0.0,1.0,,
432,0.0,1.0,,
433,0.0,1.0,,
434,0.0,1.0,,
435,0.0,1.0,,
436,0.0,1.0,,
437,0.0,1.0,,
438,0.0,1.0,,
439,0.0,1.0,,
440,0.0,1.0,,
441,0.0,1.0,,
442,0.0,1.0,,
443,7.64544,0.66667,,
444,0.0,1.0,,
445,0.0,1.0,,
446,0.0,1.0,,
447,0.0,1.0,,
448,0.0,1.0,,
449,0.0,1.0,,
450,0.0,1.0,,
451,0.0,1.0,,
452,0.0,1.0,,
453,0.0,1.0,,
454,6.95666,0.66667,,
455,0.0,1.0,,
456,0.0,1.0,,
457,0.0,1.0,,
458,0.0,1.0,,
459,0.0,1.0,,
460,0.0,1.0,,
461,6.41239,0.66667,,
462,0.0,1.0,,
463,0.0,1.0,,
464,0.0,1.0,,
465,0.0,1.0,,
466,0.0,1.0,,
467,0.0,1.0,,
468,0.0,1.0,,
469,0.0,1.0,,
470,0.0,1.0,,
471,0.0,1.0,,
472,0.0,1.0,,
473,0.0,1.0,,
474,0.0,1.0,,
475,0.0,1.0,,
476,0.0,1.0,,
477,0.0,1.0,,
478,0.0,1.0,,
479,0.0,1.0,,
480,0.0,1.0,,
481,9.84689,0.66667,,
482,0.0,1.0,,
483,0.0,1.0,,
484,0.0,1.0,,
485,0.0,1.0,,
486,0.0,1.0,,
487,0.0,1.0,,
488,0.0,1.0,,
489,0.0,1.0,,
490,0.0,1.0,,
491,6.17724,0.66667,,
492,0.0,1.0,,
493,0.0,1.0,,
494,0.0,1.0,,
495,0.0,1.0,,
496,0.0,1.0,,
497,0.0,1.0,,
498,0.0,1.0,,
499,0.0,1.0,,
500,0.0,1.0,,
501,0.0,1.0,-0.0,1.0
502,0.0,1.0,,
503,0.0,1.0,,
504,0.0,1.0,,
505,0.0,1.0,,
506,0.0,1.0,,
507,0.0,1.0,,
508,0.0,1.0,,
509,0.0,1.0,,
510,0.0,1.0,,
511,0.0,1.0,,
512,13.22478,0.66667,,
513,0.0,1.0,,
514,11.6334,0.66667,,
515,0.0,1.0,,
516,0.0,1.0,,
517,0.0,1.0,,
518,0.0,1.0,,
519,9.08,0.66667,,
520,0.0,1.0,,
521,0.0,1.0,,
522,0.0,1.0,,
523,0.0,1.0,,
524,0.0,1.0,,
525,0.0,1.0,,
526,6.81201,0.66667,,
527,0.0,1.0,,
528,0.0,1.0,,
529,0.0,1.0,,
530,0.0,1.0,,
531,0.0,1.0,,
532,0.0,1.0,,
533,0.0,1.0,,
534,0.0,1.0,,
535,6.60675,0.66667,,
536,0.0,1.0,,
537,0.0,1.0,,
538,0.0,1.0,,
539,0.0,1.0,,
540,6.1869,0.66667,,
541,0.0,1.0,,
542,0.0,1.0,,
543,0.0,1.0,,
544,5.99364,0.66667,,
545,0.0,1.0,,
546,0.0,1.0,,
547,0.0,1.0,,
548,0.0,1.0,,
549,0.0,1.0,,
550,0.0,1.0,,
551,0.0,1.0,,
552,0.0,1.0,,
553,0.0,1.0,,
554,8.84671,0.66667,,
555,7.88834,0.66667,,
556,8.00637,0.66667,,
557,0.0,1.0,,
558,6.53338,0.66667,,
559,0.0,1.0,,
560,0.0,1.0,,
561,0.0,1.0,,
562,3.85608,0.66667,,
563,0.0,1.0,,
564,0.00021,1.0,,
565,0.0,1.0,,
566,0.0,1.0,,
567,0.0,1.0,,
568,0.0,1.0,,
569,0.0,1.0,,
570,0.0,1.0,,
571,0.0,1.0,,
572,0.0,1.0,,
573,0.0,1.0,,
574,0.0,1.0,,
575,0.0,1.0,,
576,0.0,1.0,,
577,0.0,1.0,,
578,0.0,1.0,,
579,0.0,1.0,,
580,0.0,1.0,,
581,0.0,1.0,,
582,0.0,1.0,,
583,0.0,1.0,,
584,0.0,1.0,,
585,0.0,1.0,,
586,0.0,1.0,,
587,0.0,1.0,,
588,0.0,1.0,,
589,0.0,1.0,,
590,0.0,1.0,,
591,0.0,1.0,,
592,0.0,1.0,,
593,0.0,1.0,,
594,0.0,1.0,,
595,0.0,1.0,,
596,0.0,1.0,,
597,0.0,1.0,,
598,16.35321,0.66667,,
599,0.0,1.0,,
600,0.0,1.0,,
601,0.0,1.0,14.96469,0.66667
602,0.0,1.0,,
603,0.0,1.0,,
604,0.0,1.0,,
605,0.0,1.0,,
606,0.0,1.0,,
607,0.0,1.0,,
608,0.0,1.0,,
609,0.0,1.0,,
610,0.0,1.0,,
611,0.0,1.0,,
612,9.53108,0.66667,,
613,0.0,1.0,,
614,0.0,1.0,,
615,0.0,1.0,,
616,0.0,1.0,,
617,10.99709,0.66667,,
618,0.0,1.0,,
619,0.0,1.0,,
620,0.0,1.0,,
621,0.0,1.0,,
622,0.0,1.0,,
623,0.0,1.0,,
624,0.0,1.0,,
625,0.0,1.0,,
626,0.0,1.0,,
627,0.0,1.0,,
628,0.0,1.0,,
629,0.0,1.0,,
630,0.0,1.0,,
631,0.0,1.0,,
632,0.0,1.0,,
633,0.0,1.0,,
634,0.0,1.0,,
635,0.0,1.0,,
636,0.0,1.0,,
637,0.0,1.0,,
638,0.0,1.0,,
639,8.86038,0.66667,,
640,0.0,1.0,,
641,10.07339,0.66667,,
642,8.22834,0.66667,,
643,0.0,1.0,,
644,0.0,1.0,,
645,6.08812,0.66667,,
646,0.0,1.0,,
647,0.0,1.0,,
648,0.0,1.0,,
649,0.0,1.0,,
650,0.0,1.0,,
651,5.19526,0.66667,,
652,0.0,1.0,,
653,5.18025,0.66667,,
654,0.0,1.0,,
655,0.0,1.0,,
656,0.0,1.0,,
657,0.0,1.0,,
658,0.0,1.0,,
659,0.0,1.0,,
660,0.0,1.0,,
661,0.0,1.0,,
662,0.0,1.0,,
663,0.0,1.0,,
664,0.0,1.0,,
665,0.0,1.0,,
666,0.0,1.0,,
667,0.0,1.0,,
668,0.0,1.0,,
669,0.0,1.0,,
670,0.0,1.0,,
671,0.0,1.0,,
672,0.0,1.0,,
673,0.0,1.0,,
674,0.0,1.0,,
675,0.0,1.0,,
676,0.0,1.0,,
677,0.0,1.0,,
678,0.0,1.0,,
679,0.0,1.0,,
680,0.0,1.0,,
681,0.0,1.0,,
682,0.0,1.0,,
683,0.0,1.0,,
684,0.0,1.0,,
685,0.0,1.0,,
686,0.0,1.0,,
687,0.0,1.0,,
688,0.0,1.0,,
689,0.0,1.0,,
690,0.0,1.0,,
691,0.0,1.0,,
692,0.0,1.0,,
693,0.0,1.0,,
694,0.0,1.0,,
695,10.28776,0.66667,,
696,0.0,1.0,,
697,0.0,1.0,,
698,7.73248,0.66667,,
699,0.0,1.0,,
700,0.0,1.0,,
701,0.0,1.0,6.68727,0.66667
702,0.0,1.0,,
703,0.0,1.0,,
704,0.0,1.0,,
705,0.0,1.0,,
706,0.0,1.0,,
707,0.0,1.0,,
708,0.0,1.0,,
709,0.0,1.0,,
710,0.0,1.0,,
711,0.0,1.0,,
712,0.0,1.0,,
713,0.0,1.0,,
714,0.0,1.0,,
715,0.0,1.0,,
716,8.19156,0.66667,,
717,0.0,1.0,,
718,0.0,1.0,,
719,0.0,1.0,,
720,0.0,1.0,,
721,0.0,1.0,,
722,0.0,1.0,,
723,0.0,1.0,,
724,0.0,1.0,,
725,0.0,1.0,,
726,0.0,1.0,,
727,0.0,1.0,,
728,0.0,1.0,,
729,0.0,1.0,,
730,0.0,1.0,,
731,8.0387,0.66667,,
732,0.0,1.0,,
733,0.0,1.0,,
734,0.0,1.0,,
735,0.0,1.0,,
736,0.0,1.0,,
737,0.0,1.0,,
738,0.0,1.0,,
739,6.295,0.66667,,
740,5.04641,0.66667,,
741,0.0,1.0,,
742,0.0,1.0,,
743,0.0,1.0,,
744,0.0,1.0,,
745,0.0,1.0,,
746,0.0,1.0,,
747,0.0,1.0,,
748,4.71406,0.66667,,
749,0.0,1.0,,
750,0.0,1.0,,
751,0.0,1.0,,
752,5.66003,0.66667,,
753,0.0,1.0,,
754,0.0,1.0,,
755,0.0,1.0,,
756,0.0,1.0,,
757,0.0,1.0,,
758,0.0,1.0,,
759,5.21909,0.66667,,
760,0.0,1.0,,
761,0.0,1.0,,
762,0.0,1.0,,
763,0.0,1.0,,
764,0.0,1.0,,
765,0.0,1.0,,
766,0.0,1.0,,
767,0.0,1.0,,
768,0.0,1.0,,
769,0.0,1.0,,
770,0.0,1.0,,
771,0.0,1.0,,
772,0.0,1.0,,
773,0.0,1.0,,
774,0.0,1.0,,
775,0.0,1.0,,
776,0.0,1.0,,
777,0.0,1.0,,
778,0.0,1.0,,
779,0.0,1.0,,
780,0.0,1.0,,
781,0.0,1.0,,
782,7.75092,0.66667,,
783,6.87581,0.66667,,
784,0.0,1.0,,
785,0.0,1.0,,
786,0.0,1.0,,
787,0.0,1.0,,
788,0.0,1.0,,
789,0.0,1.0,,
790,0.0,1.0,,
791,0.0,1.0,,
792,0.0,1.0,,
793,0.0,1.0,,
794,0.0,1.0,,
795,0.0,1.0,,
796,0.0,1.0,,
797,0.0,1.0,,
798,0.0,1.0,,
799,0.0,1.0,,
800,0.0,1.0,,
801,0.0,1.0,10.73472,0.66667
802,10.69892,0.66667,,
803,0.0,1.0,,
804,0.0,1.0,,
805,7.15619,0.66667,,
806,0.0,1.0,,
807,0.0,1.0,,
808,8.16952,0.66667,,
809,6.65283,0.66667,,
810,0.0,1.0,,
811,0.0,1.0,,
812,4.09116,0.66667,,
813,0.0,1.0,,
814,0.0,1.0,,
815,0.0,1.0,,
816,0.0,1.0,,
817,0.0,1.0,,
818,0.0,1.0,,
819,0.0,1.0,,
820,0.0,1.0,,
821,0.0,1.0,,
822,0.0,1.0,,
823,0.0,1.0,,
824,0.0,1.0,,
825,9.64203,0.66667,,
826,11.68531,0.66667,,
827,0.0,1.0,,
828,0.0,1.0,,
829,0.0,1.0,,
830,0.0,1.0,,
831,0.0,1.0,,
832,0.0,1.0,,
833,0.0,1.0,,
834,0.0,1.0,,
835,0.0,1.0,,
836,0.0,1.0,,
837,0.0,1.0,,
838,0.0,1.0,,
839,0.0,1.0,,
840,0.0,1.0,,
841,0.0,1.0,,
842,0.0,1.0,,
843,0.0,1.0,,
844,0.0,1.0,,
845,0.0,1.0,,
846,0.0,1.0,,
847,0.0,1.0,,
848,10.3315,0.66667,,
849,0.0,1.0,,
850,0.0,1.0,,
851,0.0,1.0,,
852,0.0,1.0,,
853,0.0,1.0,,
854,0.0,1.0,,
855,0.0,1.0,,
856,0.0,1.0,,
857,0.0,1.0,,
858,0.0,1.0,,
859,0.0,1.0,,
860,0.0,1.0,,
861,0.0,1.0,,
862,0.0,1.0,,
863,0.0,1.0,,
864,0.0,1.0,,
865,0.0,1.0,,
866,0.0,1.0,,
867,0.0,1.0,,
868,0.0,1.0,,
869,0.0,1.0,,
870,0.0,1.0,,
871,0.0,1.0,,
872,0.0,1.0,,
873,0.0,1.0,,
874,0.0,1.0,,
875,0.0,1.0,,
876,0.0,1.0,,
877,0.0,1.0,,
878,6.86176,0.66667,,
879,0.0,1.0,,
880,0.0,1.0,,
881,0.0,1.0,,
882,0.0,1.0,,
883,0.0,1.0,,
884,5.65889,0.66667,,
885,0.0,1.0,,
886,0.0,1.0,,
887,0.0,1.0,,
888,0.0,1.0,,
889,0.0,1.0,,
890,0.0,1.0,,
891,0.0,1.0,,
892,0.0,1.0,,
893,0.0,1.0,,
894,0.0,1.0,,
895,0.0,1.0,,
896,0.0,1.0,,
897,0.0,1.0,,
898,0.0,1.0,,
899,0.0,1.0,,
900,0.0,1.0,,
901,0.0,1.0,-0.0,1.0
902,0.0,1.0,,
903,0.0,1.0,,
904,0.0,1.0,,
905,0.0,1.0,,
906,0.0,1.0,,
907,0.0,1.0,,
908,0.0,1.0,,
909,0.0,1.0,,
910,0.0,1.0,,
911,0.0,1.0,,
912,0.0,1.0,,
913,0.0,1.0,,
914,0.0,1.0,,
915,0.0,1.0,,
916,0.0,1.0,,
917,0.0,1.0,,
918,0.0,1.0,,
919,0.0,1.0,,
920,0.0,1.0,,
921,0.0,1.0,,
922,0.0,1.0,,
923,0.0,1.0,,
924,0.0,1.0,,
925,0.0,1.0,,
926,7.33763,0.66667,,
927,0.0,1.0,,
928,0.0,1.0,,
929,0.0,1.0,,
930,0.0,1.0,,
931,7.27831,0.66667,,
932,0.0,1.0,,
933,6.90347,0.66667,,
934,0.0,1.0,,
935,0.0,1.0,,
936,0.0,1.0,,
937,0.0,1.0,,
938,0.0,1.0,,
939,0.0,1.0,,
940,0.0,1.0,,
941,0.0,1.0,,
942,0.0,1.0,,
943,0.0,1.0,,
944,0.0,1.0,,
945,0.0,1.0,,
946,0.0,1.0,,
947,0.0,1.0,,
948,0.0,1.0,,
949,0.0,1.0,,
950,0.0,1.0,,
951,11.00897,0.66667,,
952,9.09264,0.66667,,
953,0.0,1.0,,
954,0.0,1.0,,
955,12.32548,0.66667,,
956,0.0,1.0,,
957,0.0,1.0,,
958,0.0,1.0,,
959,0.0,1.0,,
960,0.0,1.0,,
961,0.0,1.0,,
962,0.0,1.0,,
963,0.0,1.0,,
964,0.0,1.0,,
965,0.0,1.0,,
966,0.0,1.0,,
967,0.0,1.0,,
968,0.0,1.0,,
969,0.0,1.0,,
970,6.69583,0.66667,,
971,0.0,1.0,,
972,0.0,1.0,,
973,0.0,1.0,,
974,0.0,1.0,,
975,0.0,1.0,,
976,0.0,1.0,,
977,0.0,1.0,,
978,0.0,1.0,,
979,0.0,1.0,,
980,8.56501,0.66667,,
981,0.0,1.0,,
982,5.92431,0.66667,,
983,0.0,1.0,,
984,0.0,1.0,,
985,0.0,1.0,,
986,0.0,1.0,,
987,0.0,1.0,,
988,0.0,1.0,,
989,0.0,1.0,,
990,0.0,1.0,,
991,0.0,1.0,,
992,0.0,1.0,,
993,7.09414,0.66667,,
994,0.0,1.0,,
995,0.0,1.0,,
996,0.0,1.0,,
997,0.0,1.0,,
998,0.0,1.0,,
999,0.0,1.0,,
1000,4.24048,0.66667,,
1001,0.0,1.0,-0.0,1.0
1002,0.0,1.0,,
1003,0.0,1.0,,
1004,0.0,1.0,,
1005,0.0,1.0,,
1006,4.63462,0.66667,,
1007,0.0,1.0,,
1008,5.28076,0.66667,,
1009,0.0,1.0,,
1010,0.0,1.0,,
1011,0.0,1.0,,
1012,0.0,1.0,,
1013,0.0,1.0,,
1014,0.0,1.0,,
1015,0.0,1.0,,
1016,0.0,1.0,,
1017,0.0,1.0,,
1018,0.0,1.0,,
1019,0.0,1.0,,
1020,0.0,1.0,,
1021,0.0,1.0,,
1022,10.0521,0.66667,,
1023,0.0,1.0,,
1024,0.0,1.0,,
1025,0.0,1.0,,
1026,0.0,1.0,,
1027,0.0,1.0,,
1028,0.0,1.0,,
1029,0.0,1.0,,
1030,0.0,1.0,,
1031,0.0,1.0,,
1032,0.0,1.0,,
1033,0.0,1.0,,
1034,0.0,1.0,,
1035,0.0,1.0,,
1036,12.53814,0.66667,,
1037,0.0,1.0,,
1038,0.0,1.0,,
1039,0.0,1.0,,
1040,0.0,1.0,,
1041,0.0,1.0,,
1042,0.0,1.0,,
1043,0.0,1.0,,
1044,0.0,1.0,,
1045,0.0,1.0,,
1046,0.0,1.0,,
1047,0.0,1.0,,
1048,0.0,1.0,,
1049,0.0,1.0,,
1050,0.0,1.0,,
1051,0.0,1.0,,
1052,0.0,1.0,,
1053,0.0,1.0,,
1054,0.0,1.0,,
1055,0.0,1.0,,
1056,0.0,1.0,,
1057,0.0,1.0,,
1058,0.0,1.0,,
1059,0.0,1.0,,
1060,0.0,1.0,,
1061,0.0,1.0,,
1062,0.0,1.0,,
1063,0.0,1.0,,
1064,0.0,1.0,,
1065,0.0,1.0,,
1066,0.0,1.0,,
1067,0.0,1.0,,
1068,0.0,1.0,,
1069,0.0,1.0,,
1070,0.0,1.0,,
1071,0.0,1.0,,
1072,0.0,1.0,,
1073,0.0,1.0,,
1074,0.0,1.0,,
1075,0.0,1.0,,
1076,0.0,1.0,,
1077,0.0,1.0,,
1078,6.14633,0.66667,,
1079,0.0,1.0,,
1080,5.56938,0.66667,,
1081,0.0,1.0,,
1082,0.0,1.0,,
1083,5.77176,0.66667,,
1084,0.0,1.0,,
1085,0.0,1.0,,
1086,5.05282,0.66667,,
1087,0.0,1.0,,
1088,0.0,1.0,,
1089,0.0,1.0,,
1090,0.0,1.0,,
1091,0.0,1.0,,
1092,0.0,1.0,,
1093,0.0,1.0,,
1094,0.0,1.0,,
1095,0.0,1.0,,
1096,0.0,1.0,,
1097,0.0,1.0,,
1098,0.0,1.0,,
1099,0.0,1.0,,
1100,0.0,1.0,,
1101,10.1491,0.66667,-0.0,1.0
1102,0.0,1.0,,
1103,0.0,1.0,,
1104,0.0,1.0,,
1105,0.0,1.0,,
1106,0.0,1.0,,
1107,0.0,1.0,,
1108,0.0,1.0,,
1109,0.0,1.0,,
1110,0.0,1.0,,
1111,0.0,1.0,,
1112,0.0,1.0,,
1113,0.0,1.0,,
1114,0.0,1.0,,
1115,0.0,1.0,,
1116,0.0,1.0,,
1117,0.0,1.0,,
1118,0.0,1.0,,
1119,0.0,1.0,,
1120,0.0,1.0,,
1121,0.0,1.0,,
1122,0.0,1.0,,
1123,0.0,1.0,,
1124,0.0,1.0,,
1125,0.0,1.0,,
1126,0.0,1.0,,
1127,0.0,1.0,,
1128,0.0,1.0,,
1129,11.78894,0.66667,,
1130,0.0,1.0,,
1131,0.0,1.0,,
1132,0.0,1.0,,
1133,0.0,1.0,,
1134,0.0,1.0,,
1135,0.0,1.0,,
1136,7.16469,0.66667,,
1137,0.0,1.0,,
1138,0.0,1.0,,
1139,0.0,1.0,,
1140,0.0,1.0,,
1141,6.75626,0.66667,,
1142,8.92748,0.66667,,
1143,0.0,1.0,,
1144,0.0,1.0,,
1145,0.0,1.0,,
1146,0.0,1.0,,
1147,0.0,1.0,,
1148,6.29192,0.66667,,
1149,0.0,1.0,,
1150,5.61712,0.66667,,
1151,0.0,1.0,,
1152,0.0,1.0,,
1153,5.29621,0.66667,,
1154,4.55626,0.66667,,
1155,0.0,1.0,,
1156,0.0,1.0,,
1157,0.0,1.0,,
1158,0.0,1.0,,
1159,0.0,1.0,,
1160,3.541,0.66667,,
1161,0.0,1.0,,
1162,0.0,1.0,,
1163,0.0,1.0,,
1164,0.0,1.0,,
1165,0.0,1.0,,
1166,0.0,1.0,,
1167,0.0,1.0,,
1168,0.0,1.0,,
1169,7.40512,0.66667,,
1170,5.81228,0.66667,,
1171,8.48972,0.66667,,
1172,0.0,1.0,,
1173,0.0,1.0,,
1174,0.0,1.0,,
1175,0.0,1.0,,
1176,0.0,1.0,,
1177,0.0,1.0,,
1178,0.0,1.0,,
1179,0.0,1.0,,
1180,0.0,1.0,,
1181,0.0,1.0,,
1182,0.0,1.0,,
1183,0.0,1.0,,
1184,0.0,1.0,,
1185,0.0,1.0,,
1186,0.0,1.0,,
1187,0.0,1.0,,
1188,0.0,1.0,,
1189,0.0,1.0,,
1190,0.0,1.0,,
1191,0.0,1.0,,
1192,0.0,1.0,,
1193,0.0,1.0,,
1194,0.0,1.0,,
1195,0.0,1.0,,
1196,0.0,1.0,,
1197,0.0,1.0,,
1198,0.0,1.0,,
1199,0.0,1.0,,
1200,0.0,1.0,,
1201,0.0,1.0,-0.0,1.0
1202,0.0,1.0,,
1203,0.0,1.0,,
1204,0.0,1.0,,
1205,0.0,1.0,,
1206,0.0,1.0,,
1207,0.0,1.0,,
1208,0.0,1.0,,
1209,0.0,1.0,,
1210,0.0,1.0,,
1211,0.0,1.0,,
1212,0.0,1.0,,
1213,0.0,1.0,,
1214,0.0,1.0,,
1215,0.0,1.0,,
1216,0.0,1.0,,
1217,7.96395,0.66667,,
1218,7.88883,0.66667,,
1219,0.0,1.0,,
1220,7.17388,0.66667,,
1221,0.0,1.0,,
1222,4.87685,0.66667,,
1223,0.0,1.0,,
1224,0.0,1.0,,
1225,0.0,1.0,,
1226,0.0,1.0,,
1227,0.0,1.0,,
1228,0.0,1.0,,
1229,0.0,1.0,,
1230,0.0,1.0,,
1231,3.82085,0.66667,,
1232,0.0,1.0,,
1233,0.0,1.0,,
1234,0.0,1.0,,
1235,7.95121,0.66667,,
1236,0.0,1.0,,
1237,5.43303,0.66667,,
1238,0.0,1.0,,
1239,0.0,1.0,,
1240,0.0,1.0,,
1241,0.0,1.0,,
1242,0.0,1.0,,
1243,0.0,1.0,,
1244,0.0,1.0,,
1245,0.0,1.0,,
1246,0.0,1.0,,
1247,0.0,1.0,,
1248,0.0,1.0,,
1249,0.0,1.0,,
1250,0.0,1.0,,
1251,0.0,1.0,,
1252,8.40689,0.66667,,
1253,6.24647,0.66667,,
1254,6.59982,0.66667,,
1255,0.0,1.0,,
1256,0.0,1.0,,
1257,0.0,1.0,,
1258,0.0,1.0,,
1259,0.0,1.0,,
1260,0.0,1.0,,
1261,0.0,1.0,,
1262,0.0,1.0,,
1263,0.0,1.0,,
1264,0.0,1.0,,
1265,0.0,1.0,,
1266,0.0,1.0,,
1267,0.0,1.0,,
1268,0.0,1.0,,
1269,0.0,1.0,,
1270,0.0,1.0,,
1271,0.0,1.0,,
1272,0.0,1.0,,
1273,0.0,1.0,,
1274,10.61845,0.66667,,
1275,0.0,1.0,,
1276,0.0,1.0,,
1277,0.0,1.0,,
1278,0.0,1.0,,
1279,0.0,1.0,,
1280,0.0,1.0,,
1281,0.0,1.0,,
1282,0.0,1.0,,
1283,0.0,1.0,,
1284,0.0,1.0,,
1285,0.0,1.0,,
1286,0.0,1.0,,
1287,0.0,1.0,,
1288,0.0,1.0,,
1289,0.0,1.0,,
1290,0.0,1.0,,
1291,0.0,1.0,,
1292,0.0,1.0,,
1293,0.0,1.0,,
1294,0.0,1.0,,
1295,0.0,1.0,,
1296,0.0,1.0,,
1297,0.0,1.0,,
1298,0.0,1.0,,
1299,0.0,1.0,,
1300,0.0,1.0,,
1301,0.0,1.0,9.36624,0.66667
1302,0.0,1.0,,
1303,0.0,1.0,,
1304,0.0,1.0,,
1305,0.0,1.0,,
1306,0.0,1.0,,
1307,7.96734,0.66667,,
1308,0.0,1.0,,
1309,0.0,1.0,,
1310,0.0,1.0,,
1311,0.0,1.0,,
1312,0.0,1.0,,
1313,0.0,1.0,,
1314,0.0,1.0,,
1315,0.0,1.0,,
1316,0.0,1.0,,
1317,0.0,1.0,,
1318,0.0,1.0,,
1319,0.0,1.0,,
1320,0.0,1.0,,
1321,0.0,1.0,,
1322,0.0,1.0,,
1323,0.0,1.0,,
1324,0.0,1.0,,
1325,0.0,1.0,,
1326,0.0,1.0,,
1327,0.0,1.0,,
1328,0.0,1.0,,
1329,0.0,1.0,,
1330,0.0,1.0,,
1331,0.0,1.0,,
1332,0.0,1.0,,
1333,0.0,1.0,,
1334,0.0,1.0,,
1335,0.0,1.0,,
1336,0.0,1.0,,
1337,0.0,1.0,,
1338,0.0,1.0,,
1339,0.0,1.0,,
1340,0.0,1.0,,
1341,0.0,1.0,,
1342,0.0,1.0,,
1343,0.0,1.0,,
1344,0.0,1.0,,
1345,0.0,1.0,,
1346,0.0,1.0,,
1347,0.0,1.0,,
1348,0.0,1.0,,
1349,0.0,1.0,,
1350,0.0,1.0,,
1351,0.0,1.0,,
1352,0.0,1.0,,
1353,0.0,1.0,,
1354,0.0,1.0,,
1355,0.0,1.0,,
1356,0.0,1.0,,
1357,10.18606,0.66667,,
1358,7.13343,0.66667,,
1359,0.0,1.0,,
1360,0.0,1.0,,
1361,0.0,1.0,,
1362,0.0,1.0,,
1363,0.0,1.0,,
1364,0.0,1.0,,
1365,0.0,1.0,,
1366,0.0,1.0,,
1367,0.0,1.0,,
1368,0.0,1.0,,
1369,0.0,1.0,,
1370,0.0,1.0,,
1371,0.0,1.0,,
1372,0.0,1.0,,
1373,0.0,1.0,,
1374,0.0,1.0,,
1375,0.0,1.0,,
1376,0.0,1.0,,
1377,0.0,1.0,,
1378,8.08995,0.66667,,
1379,0.0,1.0,,
1380,0.0,1.0,,
1381,0.0,1.0,,
1382,0.0,1.0,,
1383,0.0,1.0,,
1384,0.0,1.0,,
1385,0.0,1.0,,
1386,0.0,1.0,,
1387,0.0,1.0,,
1388,0.0,1.0,,
1389,0.0,1.0,,
1390,0.0,1.0,,
1391,0.0,1.0,,
1392,0.0,1.0,,
1393,0.0,1.0,,
1394,0.0,1.0,,
1395,0.0,1.0,,
1396,7.33299,0.66667,,
1397,0.0,1.0,,
1398,0.0,1.0,,
1399,5.03733,0.66667,,
1400,0.0,1.0,,
1401,0.0,1.0,-0.0,1.0
1402,0.0,1.0,,
1403,0.0,1.0,,
1404,0.0,1.0,,
1405,7.42434,0.66667,,
1406,0.0,1.0,,
1407,0.0,1.0,,
1408,0.0,1.0,,
1409,0.0,1.0,,
1410,0.0,1.0,,
1411,0.0,1.0,,
1412,0.0,1.0,,
1413,5.35023,0.66667,,
1414,0.0,1.0,,
1415,0.0,1.0,,
1416,0.0,1.0,,
1417,0.0,1.0,,
1418,0.0,1.0,,
1419,0.0,1.0,,
1420,0.0,1.0,,
1421,0.0,1.0,,
1422,7.27846,0.66667,,
1423,0.0,1.0,,
1424,0.0,1.0,,
1425,0.0,1.0,,
1426,0.0,1.0,,
1427,0.0,1.0,,
1428,0.0,1.0,,
1429,0.0,1.0,,
1430,0.0,1.0,,
1431,0.0,1.0,,
1432,0.0,1.0,,
1433,0.0,1.0,,
1434,0.0,1.0,,
1435,0.0,1.0,,
1436,0.0,1.0,,
1437,0.0,1.0,,
1438,0.0,1.0,,
1439,5.69363,0.66667,,
1440,0.0,1.0,,
1441,0.0,1.0,,
1442,0.0,1.0,,
1443,0.0,1.0,,
1444,4.98342,0.66667,,
1445,0.0,1.0,,
1446,7.35309,0.66667,,
1447,0.0,1.0,,
1448,0.0,1.0,,
1449,0.0,1.0,,
1450,0.0,1.0,,
1451,0.0,1.0,,
1452,0.0,1.0,,
1453,0.0,1.0,,
1454,4.00867,0.66667,,
1455,0.0,1.0,,
1456,0.0,1.0,,
1457,0.0,1.0,,
1458,0.0,1.0,,
1459,0.0,1.0,,
1460,0.0,1.0,,
1461,0.0,1.0,,
1462,0.0,1.0,,
1463,0.0,1.0,,
1464,0.0,1.0,,
1465,0.0,1.0,,
1466,0.0,1.0,,
1467,0.0,1.0,,
1468,7.1128,0.66667,,
1469,0.0,1.0,,
1470,0.0,1.0,,
1471,0.0,1.0,,
1472,0.0,1.0,,
1473,0.0,1.0,,
1474,0.0,1.0,,
1475,0.0,1.0,,
1476,0.0,1.0,,
1477,0.0,1.0,,
1478,0.0,1.0,,
1479,0.0,1.0,,
1480,0.0,1.0,,
1481,5.34191,0.66667,,
1482,0.0,1.0,,
1483,0.0,1.0,,
1484,0.0,1.0,,
1485,10.05246,0.66667,,
1486,0.0,1.0,,
1487,0.0,1.0,,
1488,0.0,1.0,,
1489,0.0,1.0,,
1490,0.0,1.0,,
1491,0.0,1.0,,
1492,0.0,1.0,,
1493,0.0,1.0,,
1494,0.0,1.0,,
1495,0.0,1.0,,
1496,0.0,1.0,,
1497,0.0,1.0,,
1498,0.0,1.0,,
1499,0.0,1.0,,
1500,0.0,1.0,,
1501,0.0,1.0,-0.0,1.0
1502,0.0,1.0,,
1503,0.0,1.0,,
1504,0.0,1.0,,
1505,0.0,1.0,,
1506,0.0,1.0,,
1507,0.0,1.0,,
1508,0.0,1.0,,
1509,0.0,1.0,,
1510,0.0,1.0,,
1511,0.0,1.0,,
1512,0.0,1.0,,
1513,0.0,1.0,,
1514,0.0,1.0,,
1515,0.0,1.0,,
1516,0.0,1.0,,
1517,0.0,1.0,,
1518,0.0,1.0,,
1519,0.0,1.0,,
1520,9.0139,0.66667,,
1521,0.0,1.0,,
1522,0.0,1.0,,
1523,0.0,1.0,,
1524,0.0,1.0,,
1525,5.71598,0.66667,,
1526,0.0,1.0,,
1527,4.37987,0.66667,,
1528,0.0,1.0,,
1529,0.0,1.0,,
1530,0.0,1.0,,
1531,0.0,1.0,,
1532,0.0,1.0,,
1533,0.0,1.0,,
1534,0.0,1.0,,
1535,0.0,1.0,,
1536,6.28986,0.66667,,
1537,0.0,1.0,,
1538,6.9611,0.66667,,
1539,0.0,1.0,,
1540,0.0,1.0,,
1541,0.0,1.0,,
1542,0.0,1.0,,
1543,0.0,1.0,,
1544,0.0,1.0,,
1545,0.0,1.0,,
1546,0.0,1.0,,
1547,0.0,1.0,,
1548,0.0,1.0,,
1549,4.0903,0.66667,,
1550,0.0,1.0,,
1551,0.0,1.0,,
1552,0.0,1.0,,
1553,0.0,1.0,,
1554,0.0,1.0,,
1555,0.0,1.0,,
1556,0.0,1.0,,
1557,0.0,1.0,,
1558,0.0,1.0,,
1559,0.0,1.0,,
1560,0.0,1.0,,
1561,0.0,1.0,,
1562,0.0,1.0,,
1563,0.0,1.0,,
1564,0.0,1.0,,
1565,0.0,1.0,,
1566,0.0,1.0,,
1567,0.0,1.0,,
1568,0.0,1.0,,
1569,0.0,1.0,,
1570,0.0,1.0,,
1571,0.0,1.0,,
1572,0.0,1.0,,
1573,3.98775,0.66667,,
1574,0.0,1.0,,
1575,0.0,1.0,,
1576,0.0,1.0,,
1577,0.0,1.0,,
1578,0.0,1.0,,
1579,4.73254,0.66667,,
1580,0.0,1.0,,
1581,0.0,1.0,,
1582,0.0,1.0,,
1583,0.0,1.0,,
1584,5.26161,0.66667,,
1585,0.0,1.0,,
1586,0.0,1.0,,
1587,0.0,1.0,,
1588,0.0,1.0,,
1589,0.0,1.0,,
1590,0.0,1.0,,
1591,0.0,1.0,,
1592,0.0,1.0,,
1593,0.0,1.0,,
1594,0.0,1.0,,
1595,0.0,1.0,,
1596,0.0,1.0,,
1597,0.0,1.0,,
1598,0.0,1.0,,
1599,0.0,1.0,,
1600,0.0,1.0,,
1601,0.0,1.0,5.97202,0.66667
1602,0.0,1.0,,
1603,0.0,1.0,,
1604,0.0,1.0,,
1605,3.02144,0.66667,,
1606,0.0,1.0,,
1607,0.0,1.0,,
1608,0.0,1.0,,
1609,0.0,1.0,,
1610,0.0,1.0,,
1611,0.0,1.0,,
1612,0.0,1.0,,
1613,0.0,1.0,,
1614,0.0,1.0,,
1615,0.0,1.0,,
1616,0.0,1.0,,
1617,0.0,1.0,,
1618,0.0,1.0,,
1619,0.0,1.0,,
1620,0.0,1.0,,
1621,4.98583,0.66667,,
1622,0.0,1.0,,
1623,0.0,1.0,,
1624,0.0,1.0,,
1625,0.0,1.0,,
1626,0.0,1.0,,
1627,0.0,1.0,,
1628,5.10546,0.66667,,
1629,0.0,1.0,,
1630,0.0,1.0,,
1631,0.0,1.0,,
1632,0.0,1.0,,
1633,0.0,1.0,,
1634,0.0,1.0,,
1635,4.21314,0.66667,,
1636,0.0,1.0,,
1637,0.0,1.0,,
1638,0.0,1.0,,
1639,0.0,1.0,,
1640,0.0,1.0,,
1641,0.0,1.0,,
1642,0.0,1.0,,
1643,0.0,1.0,,
1644,0.0,1.0,,
1645,0.0,1.0,,
1646,0.0,1.0,,
1647,0.0,1.0,,
1648,0.0,1.0,,
1649,0.0,1.0,,
1650,0.0,1.0,,
1651,0.0,1.0,,
1652,0.0,1.0,,
1653,0.0,1.0,,
1654,6.4614,0.66667,,
1655,0.0,1.0,,
1656,0.0,1.0,,
1657,0.0,1.0,,
1658,4.02144,0.66667,,
1659,0.0,1.0,,
1660,0.0,1.0,,
1661,0.0,1.0,,
1662,0.0,1.0,,
1663,0.0,1.0,,
1664,0.0,1.0,,
1665,0.0,1.0,,
1666,0.0,1.0,,
1667,3.39928,0.66667,,
1668,0.0,1.0,,
1669,0.0,1.0,,
1670,0.0,1.0,,
1671,0.0,1.0,,
1672,0.0,1.0,,
1673,4.34477,0.66667,,
1674,0.0,1.0,,
1675,0.0,1.0,,
1676,0.0,1.0,,
1677,0.0,1.0,,
1678,0.0,1.0,,
1679,0.0,1.0,,
1680,0.0,1.0,,
1681,2.49937,0.66667,,
1682,0.0,1.0,,
1683,0.0,1.0,,
1684,0.0,1.0,,
1685,0.0,1.0,,
1686,0.0,1.0,,
1687,0.0,1.0,,
1688,0.0,1.0,,
1689,3.57833,0.66667,,
1690,0.0,1.0,,
1691,0.0,1.0,,
1692,3.97701,0.66667,,
1693,0.0,1.0,,
1694,0.0,1.0,,
1695,0.0,1.0,,
1696,0.0,1.0,,
1697,0.0,1.0,,
1698,0.0,1.0,,
1699,0.0,1.0,,
1700,0.0,1.0,,
1701,5.03528,0.66667,-0.0,1.0
1702,0.0,1.0,,
1703,0.0,1.0,,
1704,0.0,1.0,,
1705,0.0,1.0,,
1706,0.0,1.0,,
1707,0.0,1.0,,
1708,0.0,1.0,,
1709,0.0,1.0,,
1710,0.0,1.0,,
1711,0.0,1.0,,
1712,0.0,1.0,,
1713,0.0,1.0,,
1714,0.0,1.0,,
1715,0.0,1.0,,
1716,0.0,1.0,,
1717,0.0,1.0,,
1718,2.8996,0.66667,,
1719,0.0,1.0,,
1720,0.0,1.0,,
1721,0.0,1.0,,
1722,0.0,1.0,,
1723,0.0,1.0,,
1724,0.0,1.0,,
1725,0.0,1.0,,
1726,0.0,1.0,,
1727,0.0,1.0,,
1728,4.04477,0.66667,,
1729,0.0,1.0,,
1730,0.0,1.0,,
1731,5.13589,0.66667,,
1732,0.0,1.0,,
1733,7.57796,0.66667,,
1734,0.0,1.0,,
1735,0.0,1.0,,
1736,0.0,1.0,,
1737,0.0,1.0,,
1738,0.0,1.0,,
1739,4.85168,0.66667,,
1740,0.0,1.0,,
1741,0.0,1.0,,
1742,0.0,1.0,,
1743,0.0,1.0,,
1744,0.0,1.0,,
1745,0.0,1.0,,
1746,0.0,1.0,,
1747,0.0,1.0,,
1748,0.0,1.0,,
1749,0.0,1.0,,
1750,0.0,1.0,,
1751,0.0,1.0,,
1752,0.0,1.0,,
1753,0.0,1.0,,
1754,0.0,1.0,,
1755,0.0,1.0,,
1756,0.0,1.0,,
1757,5.74979,0.66667,,
1758,0.0,1.0,,
1759,0.0,1.0,,
1760,0.0,1.0,,
1761,0.0,1.0,,
1762,0.0,1.0,,
1763,0.0,1.0,,
1764,0.0,1.0,,
1765,0.0,1.0,,
1766,0.0,1.0,,
1767,0.0,1.0,,
1768,0.0,1.0,,
1769,0.0,1.0,,
1770,0.0,1.0,,
1771,0.0,1.0,,
1772,0.0,1.0,,
1773,0.0,1.0,,
1774,3.85461,0.66667,,
1775,0.0,1.0,,
1776,0.0,1.0,,
1777,0.0,1.0,,
1778,0.0,1.0,,
1779,0.0,1.0,,
1780,0.0,1.0,,
1781,0.0,1.0,,
1782,0.0,1.0,,
1783,0.0,1.0,,
1784,0.0,1.0,,
1785,0.0,1.0,,
1786,0.0,1.0,,
1787,0.0,1.0,,
1788,0.0,1.0,,
1789,0.0,1.0,,
1790,0.0,1.0,,
1791,0.0,1.0,,
1792,0.0,1.0,,
1793,0.0,1.0,,
1794,0.0,1.0,,
1795,0.0,1.0,,
1796,0.0,1.0,,
1797,0.0,1.0,,
1798,5.62524,0.66667,,
1799,0.0,1.0,,
1800,0.0,1.0,,
1801,0.0,1.0,-0.0,1.0
1802,0.0,1.0,,
1803,0.0,1.0,,
1804,0.0,1.0,,
1805,0.0,1.0,,
1806,0.0,1.0,,
1807,0.0,1.0,,
1808,0.0,1.0,,
1809,0.0,1.0,,
1810,0.0,1.0,,
1811,0.0,1.0,,
1812,0.0,1.0,,
1813,0.0,1.0,,
1814,0.0,1.0,,
1815,0.0,1.0,,
1816,0.0,1.0,,
1817,0.0,1.0,,
1818,3.64842,0.66667,,
1819,4.94016,0.66667,,
1820,0.0,1.0,,
1821,0.0,1.0,,
1822,0.0,1.0,,
1823,0.0,1.0,,
1824,0.0,1.0,,
1825,0.0,1.0,,
1826,0.0,1.0,,
1827,0.0,1.0,,
1828,0.0,1.0,,
1829,0.0,1.0,,
1830,0.0,1.0,,
1831,0.0,1.0,,
1832,0.0,1.0,,
1833,0.0,1.0,,
1834,0.0,1.0,,
1835,0.0,1.0,,
1836,0.0,1.0,,
1837,0.0,1.0,,
1838,0.0,1.0,,
1839,4.63595,0.66667,,
1840,0.0,1.0,,
1841,0.0,1.0,,
1842,0.0,1.0,,
1843,3.86507,0.66667,,
1844,0.0,1.0,,
1845,0.0,1.0,,
1846,0.0,1.0,,
1847,0.0,1.0,,
1848,0.0,1.0,,
1849,2.9724,0.66667,,
1850,0.00013,1.0,,
1851,0.0,1.0,,
1852,0.0,1.0,,
1853,4.47878,0.66667,,
1854,0.0,1.0,,
1855,4.06324,0.66667,,
1856,0.0,1.0,,
1857,0.0,1.0,,
1858,0.0,1.0,,
1859,0.0,1.0,,
1860,0.0,1.0,,
1861,0.0,1.0,,
1862,3.83628,0.66667,,
1863,0.0,1.0,,
1864,0.0,1.0,,
1865,0.0,1.0,,
1866,3.42327,0.66667,,
1867,0.0,1.0,,
1868,0.0,1.0,,
1869,0.0,1.0,,
1870,0.0,1.0,,
1871,0.0,1.0,,
1872,3.71698,0.66667,,
1873,0.0,1.0,,
1874,0.0,1.0,,
1875,0.0,1.0,,
1876,1e-05,1.0,,
1877,0.0,1.0,,
1878,2.83474,0.66667,,
1879,0.0,1.0,,
1880,0.0,1.0,,
1881,0.0,1.0,,
1882,1e-05,1.0,,
1883,0.0,1.0,,
1884,0.0,1.0,,
1885,0.0,1.0,,
1886,2.56973,0.66667,,
1887,0.0,1.0,,
1888,0.0,1.0,,
1889,0.0,1.0,,
1890,0.0,1.0,,
1891,0.0,1.0,,
1892,0.0,1.0,,
1893,0.0,1.0,,
1894,0.0,1.0,,
1895,4.84937,0.66667,,
1896,0.0,1.0,,
1897,0.0,1.0,,
1898,0.0,1.0,,
1899,0.0,1.0,,
1900,0.0,1.0,,
1901,0.0,1.0,0.0,1.0
1902,0.0,1.0,,
1903,3.11503,0.66667,,
1904,0.0,1.0,,
1905,0.0,1.0,,
1906,0.0,1.0,,
1907,0.0,1.0,,
1908,0.0,1.0,,
1909,3.53846,0.66667,,
1910,0.0,1.0,,
1911,4.48018,0.66667,,
1912,0.0,1.0,,
1913,0.0,1.0,,
1914,0.0,1.0,,
1915,0.0,1.0,,
1916,0.0,1.0,,
1917,4.52971,0.66667,,
1918,0.0,1.0,,
1919,0.0,1.0,,
1920,0.0,1.0,,
1921,0.0,1.0,,
1922,0.0,1.0,,
1923,0.0,1.0,,
1924,4.66158,0.66667,,
1925,0.0,1.0,,
1926,0.0,1.0,,
1927,0.0,1.0,,
1928,0.0,1.0,,
1929,0.0,1.0,,
1930,0.0,1.0,,
1931,0.0,1.0,,
1932,0.0,1.0,,
1933,0.0,1.0,,
1934,0.0,1.0,,
1935,0.0,1.0,,
1936,0.0,1.0,,
1937,0.0,1.0,,
1938,0.0,1.0,,
1939,0.0,1.0,,
1940,4.3089,0.66667,,
1941,0.0,1.0,,
1942,0.0,1.0,,
1943,0.0,1.0,,
1944,0.0,1.0,,
1945,0.0,1.0,,
1946,0.0,1.0,,
1947,0.0,1.0,,
1948,0.0,1.0,,
1949,0.0,1.0,,
1950,0.0,1.0,,
1951,0.0,1.0,,
1952,0.0,1.0,,
1953,0.0,1.0,,
1954,0.0,1.0,,
1955,0.0,1.0,,
1956,0.0,1.0,,
1957,4.02459,0.66667,,
1958,0.0,1.0,,
1959,5.53679,0.66667,,
1960,0.0,1.0,,
1961,0.0,1.0,,
1962,0.0,1.0,,
1963,0.0,1.0,,
1964,0.0,1.0,,
1965,0.0,1.0,,
1966,0.0,1.0,,
1967,0.0,1.0,,
1968,0.0,1.0,,
